{"cameraMode":{"drawMode":0,"name":"Shaded","section":"Shading Mode"},"sceneLighting":false,"audioPlay":false,"sceneViewState":{"showFog":true,"showMaterialUpdate":false,"showSkybox":false,"showFlares":true,"showImageEffects":true,"showParticleSystems":true},"in2DMode":false,"pivot":{"x":-0.6133766174316406,"y":7.880466461181641,"z":19.56708526611328},"rotation":{"x":0.1171516552567482,"y":-0.6708213686943054,"z":0.10840056836605072,"w":0.724403440952301},"size":50.2513542175293,"orthographic":false}